userId,password
1234567,$2a$10$dFaWJF5H4lyrn/Nz9Pbzc.FCSXoGDH504rsOFDFflsUGdxiHR6Qg.
1111111,$2a$10$.5vvfmMNdwXgiwCYPzB9I.w/Szz6yGjYpwQ7h3uk0AJUtvGEgABXu
1222222,$2a$10$c9oG418M.YHorSSMdontEeFFxmjN1h8eVOe2X7t9l0u03VI12VRze
2345678,$2a$10$h/CG5GT4nI3afvcy9I0freVmeFIqv2UN.Kjd752KwUcdFnE/HePSu
2222222,$2a$10$oUkzCbKqlhJczwRSVzpWcehVm7jFz.qZUlDU/xumA3hhWwYw9IaNG
3456789,$2a$10$7uf7Rx5LhPxNZlGwbRpKf.vjCAA/nap0M3r62XOvz0Z1eO3K34Lw.
4567890,$2a$10$/QxdIIct2U1RXXgk/Dx1eOafn0P.bu7QsguOgs7Px/ZPgNLb.DTHa
5678901,$2a$10$yviBgRc1mnuMXiDW5wVmaOVFDXIJnPrqwg4Eh/cpkpG7gw55aW7du
6789012,$2a$10$Iu5/hAPk2NDHnNfH3CAOo.JGYnJ/rkYfRM4HjTDOlmy8VNxWMReqG
7890123,$2a$10$f1qHdq9XZOKLf6Iy5Yox0eULyFISagfEWbQFoqPtL3zaNq5GHAhmK
8901234,$2a$10$L.Hzc/yr2jY0rAgSw/WH/eNz9hWnNNWPWLEhr8yYf2kK3xt7Gkgca